"Identifiant opération";"Localisation station de mesure";"Code station";"X";"Y";"Identifiant point prélèvement";"Date réalisation";"Débit mesuré (m3/s)";"Débit station hydro (m3/s)";"Distance interpoint (m)";"Largeur plein bord évaluée (m)";"Largeur mouillée évaluée (m)";"Longueur réelle opération (m)";"Longueur théorique opération (m)";"Pente ligne d'eau (‰)";"Pente ligne d'eau évaluée";"Description habitat marginaux";"Continuité ripisylve rive gauche";"Continuité ripisylve rive droite";"Nom réseau de mesure";"Observations";"Version protocole";"Structure responsable";"Cours d'eau";"Nombre transect";"D16 (mm)";"D50 (mm)";"D84 (mm)";"Indice Folk et Ward";"Indice Fredle";"Surface mouillée Q1 (m2)";"Largeur mouillée Q1 (m)";"Périmètre mouillé Q1 (m)";"Profondeur maximum Q1 (m)";"Profondeur moyenne Q1 (m)";"Rayon hydraulique Q1";"Rapport largeur/Profondeur Q1";"Coefficient rugosité";"Surface mouillée Qb (m2)";"Largeur mouillée Qb (m)";"Périmètre mouillé Qb (m)";"Profondeur maximum Qb (m)";"Profondeur moyenne Qb (m)";"Rayon hydraulique Qb";"Rapport largeur/Profondeur Qb";"Force tractrice Qb  (N/m2)";"Débit plein bord (m3/s)";"Ecart type cote point";"Coefficient variation cote point";"Ecart type cote point en eau";"Coefficient variation cote point en eau";"Ecart type largeur mouillée Qb";"Coefficient variation largeur mouillée Qb";"Vitesse moyenne Qb (m/s)";"Ligne énergie Qb (m)";"Cote ligne énergie Qb";"Nombre de Froude Qb";"Puissance spécifique Qb (w/m2)";"Nombre de mouille";"Profondeur moyenne des mouilles (m)";"Nombre de berges total";"Nombre de berges artificialisées";"Score ripisylve";"Classe ripisylve";"% fines";"% graviers-cailloux";"% blocs-rochers";"Indice de Shannon granulo";"Surface BV (km2)";"Proportion de roche imperméable BV";"Code HER ou DOM dominant";"Nom HER ou DOM dominant";"Type DOM";"Coefficient de sinuosité";"Débit Q01 RHT (m3/s)";"Puissance Q01 RHT (w/m)";"Puissance spécifique Q01 RHT (w/m2)";"Station référence modèle";"Résidu modèle Largeur mouillée Qb";"Résidu modèle rapport largeur/profondeur Qb";"Résidu modèle profondeur mouilles";"Résidu modèle profondeur Qb";"Résidu modèle pente ligne d'eau";"Résidu modèle surface mouillée Qb";"Résidu standardisé modèle largeur mouillée Qb";"Résidu standardisé modèle rapport largeur/profondeur Qb";"Résidu standardisé modèle profondeur mouilles";"Résidu standardisé modèle profondeur Qb";"Résidu standardisé modèle pente ligne d'eau";"Résidu standardisé modèle surface mouillée Qb";"IMG";"Modèle référence IMG";"Classe écart IMG"
1;"L'HELPE MAJEURE À EPPE SAUVAGE (59)";"01001122";784154;7002804;165938;2009-08-19;0,148;0,615;0,7;9,63;4,7;133;134,82;4,06;NA;"";"continue";"bosquets éparses";NA;"Depuis la RG";"2009 (Pré-déploiement)";"OFFICE FRANCAIS DE LA BIODIVERSITE";"Helpe majeure";15;18;29,5;53;0,783;21,278;1,559;4,774;5,082;0,451;0,311;0,281;16,571;3,474;10,023;8,621;9,801;1,704;1,163;1,016;5,203;40,452;2,242;0,68;0,007;0,322;0,969;1,279;0,148;0,234;1,707;100,982;0,071;10,564;4;0,439;30;0;NA;3;5,556;86,111;8,333;1,733;75,1;0,004;22;"ARDENNES";0;NA;NA;NA;NA;0;0,025;-0,331;0,75;0,349;0,349;0,393;0,178;-1,291;1,839;1,595;0,169;1,239;6,311;"Colinéen Est";"moyen"
23;"LA GIVONNE À DAIGNY";"02116600";843490;6959608;93165;2009-07-28;0,23;NA;0,75;11,5;5,3;160;161;8,1;NA;"";"espacée-régulière";"espacée-régulière";NA;"batonnets perdus volés pas d'infos sur le colmatage";"2009 (Pré-déploiement)";"OFFICE FRANCAIS DE LA BIODIVERSITE";"Givonne";14;60,84;96;147,32;0,667;71,005;1,022;4,968;5,128;0,326;0,214;0,205;17,831;7,195;13,975;8,913;10,87;2,02;1,583;1,281;4,466;101,828;10,676;0,78;0,008;0,127;0,623;2,029;0,228;0,793;2,053;101,121;0,201;100,129;2;0,159;28;17;0,058;1;3,061;73,469;23,469;1,878;37,21;0,801;22;"ARDENNES";0;1,03;4,155;330,16;37,044;0;0,27;-0,472;-0,078;0,717;0,845;1,132;1,397;-1,809;0,073;3,132;0,693;3,297;10,402;"Colinéen Est";"tres fort"
24;"L'ALYSE À FUMAY";"02122200";817862;6989141;93464;2009-07-20;0,08;NA;0,5;4,7;3,3;77;65,8;22,9;NA;"";"continue";"semi-continue";NA;"station de référence cours d'eau salmonicole massif ardennais. Très bon état écologique.";"2009 (Pré-déploiement)";"OFFICE FRANCAIS DE LA BIODIVERSITE";"Alyse";16;28,84;55,5;116,16;1,031;37,532;0,315;2,981;3,055;0,202;0,108;0,104;16,181;7,554;1,976;4,865;5,164;0,61;0,406;0,382;8,068;85,906;1,19;0,551;0,006;0,079;0,769;0,587;0,121;0,613;0,63;99,62;0,309;55,695;4;0,115;32;0;1,212;2;4,032;70,968;25;1,893;18,19;0,566;22;"ARDENNES";0;1,06;0;0;0;0;-0,121;0,131;-0,218;-0,278;1,685;-0,41;-0,552;0,404;-0,225;-1,021;1,583;-0,999;4,784;"Colinéen Est";"faible"
39;"LE GLAND A SAINT-MICHEL 2";"03128270";783693;6981188;78470;2009-10-16;0,126;NA;1,1;11,2;7,3;157;156,8;10,9;NA;"";"continue";"continue";NA;"Rivière sur dalles d'ardoise, un seul radier accessible (environ 20 m en aval de la station). Cours d'eau forestier";"2009 (Pré-déploiement)";"OFFICE FRANCAIS DE LA BIODIVERSITE";"Gland";15;19;42,5;76;0,971;25,537;1,175;6,114;6,324;0,375;0,184;0,176;20,69;3,274;8,884;11,713;12,381;1,205;0,765;0,72;10,047;77,016;2,44;0,725;0,007;0,176;0,908;2,156;0,184;0,284;1,209;99,98;0,106;22,881;4;0,263;30;0;1,299;2;2,353;32,941;64,706;1,666;71,42;0,788;22;"ARDENNES";0;1,21;5,266;563,088;48,072;0;0,347;0,328;0,251;0,016;1,322;0,302;1,783;1,128;0,775;0,208;1,199;0,984;6,077;"Colinéen Est";"moyen"
228;"LA HANTE À BOUSIGNIES SUR ROC (59)";"01001503";784463;7019748;165941;2010-07-07;0,131;NA;1,1;12,7;7,83;178;NA;5,29;NA;"";"continue";"continue";NA;"Présence de 2 embâcles en partie végétalisé et d'un banc alluvial sur un radier.";"2009-2016";"OFFICE FRANCAIS DE LA BIODIVERSITE";"Hante";15;15;30,5;56,16;0,913;18,883;2,156;6,65;6,817;0,433;0,28;0,271;22,396;1,997;22,851;13,382;15,011;2,523;1,699;1,509;5,362;78,288;4,366;1,067;0,011;0,31;0,985;2,158;0,161;0,202;2,525;101,622;0,05;17,323;4;0,371;30;4;0,65;3;14,773;60,227;25;2,258;1356,61;0,088;22;"ARDENNES";0;1,11;0;0;0;0;-0,404;-0,347;-0,177;-0,075;1,416;-0,458;-1,965;-1,352;-0,138;-0,174;1,299;-1,132;6,06;"Colinéen Est";"moyen"
231;"LA SOLRE À FERRIÈRE LA PETITE (59)";"01009000";772331;7015539;165947;2010-09-30;0,401;NA;0,9;10;6,3;140;NA;0,43;NA;"";"isolée";"semi-continue";NA;"Colmatage évalué en 2011";"2009-2016";"OFFICE FRANCAIS DE LA BIODIVERSITE";"Solre";15;32;51;81,16;0,682;37,019;3,828;7,054;7,481;0,837;0,561;0,523;9,443;7,779;16,728;10,96;12,513;2,297;1,536;1,333;4,84;5,623;3,268;0,881;0,009;0,291;0,535;2,625;0,24;0,203;2,3;101,432;0,053;1,316;4;0,242;30;0;NA;3;72,5;22,5;5;1,687;96,65;0,152;22;"ARDENNES";0;1,53;5,363;22,623;2,064;0;0,19;-0,407;0,09;0,576;-1,826;0,759;0,998;-1,571;0,433;2,545;-2,134;2,259;9,939;"Colinéen Est";"tres fort"
232;"LE CLIGNEUX À SAINT RÉMY DU NORD (59)";"01001452";764293;7015180;165940;2010-10-06;0,257;0,32;0,5;11,4;4,1;160;NA;5,125;NA;"";"continue";"continue";NA;"Colmatage évalué en 2011";"2009-2016";"OFFICE FRANCAIS DE LA BIODIVERSITE";"Cligneux";15;9;14;23,32;0,662;10,677;1,434;4,072;4,37;0,582;0,354;0,327;7,593;5,277;12,387;12,008;13,168;2,117;1,037;0,944;5,723;47,436;4,501;0,776;0,008;0,216;0,619;1,432;0,119;0,368;2,124;101,133;0,116;19,081;5;0,102;30;0;0,65;3;58,12;41,88;0;1,509;30,99;0,204;22;"ARDENNES";0;1,12;0,144;7,24;0,603;0;0,623;-0,221;-0,472;0,816;0,336;1,117;3,159;-0,889;-0,766;3,544;0,155;3,256;11,769;"Colinéen Est";"tres fort"
725;"LA SORMONNE À GIRONDELLE";"02118300";800646;6973108;93284;2010-07-20;0,05;NA;0,7;8,1;5;113;NA;0,63;NA;"";"bosquets éparses";"espacée-régulière";NA;"Qualif incertaine nombre de points trop faible transect 1";"2009-2016";"OFFICE FRANCAIS DE LA BIODIVERSITE";"Sormonne";15;19,84;28;40;0,548;21,821;1,014;4,094;4,352;0,394;0,233;0,218;12,677;5,421;7,298;7,496;8,481;1,449;0,974;0,854;5,256;5,277;0,894;0,561;0,006;0,162;0,636;1,656;0,221;0,13;1,45;101,02;0,042;0,769;2;0,296;30;0;0,379;3;80;20;0;1,009;31,54;0,435;22;"ARDENNES";0;1,14;3,982;24,61;3,283;0;0,146;-0,307;0,584;0,431;-1,755;0,578;0,781;-1,202;1,486;1,94;-2,058;1,754;9,221;"Colinéen Est";"tres fort"
853;"L'HELPE MAJEURE À TAISNIÈRES-EN-THIÉRACHE (59)";"01008000";758443;7005891;165946;2012-06-06;NA;NA;1,6;18;10,8;430;NA;0,7;NA;"";"semi-continue";"semi-continue";NA;"Station rallongée pour coller à la station Bio";"2009-2016";"OFFICE FRANCAIS DE LA BIODIVERSITE";"Helpe majeure";24;13;21,5;38,16;0,703;15,749;5,503;8,842;9,467;0,957;0,641;0,591;10,779;14,41;32,107;15,233;18,625;3,197;2,111;1,729;4,84;11,874;17,634;1,264;0,013;0,36;0,598;1,841;0,121;0,562;3,213;102,111;0,125;8,06;6;0,378;48;2;0,115;4;32,237;57,895;9,868;2,042;321,25;0,048;22;"ARDENNES";0;1,75;8,441;57,964;3,805;0;0,158;-0,427;0,219;0,568;-1,006;0,716;0,841;-1,642;0,707;2,509;-1,265;2,139;9,103;"Colinéen Est";"tres fort"
854;"LA SAMBRE CANALISÉE À JEUMONT (59)";"01004000";778605;7022773;165943;2012-06-05;NA;NA;3,5;28,57;25;420;NA;0;NA;"";"absence";"continue";NA;"Station poisson plus longue (600m) mais très homogène ce qui a entrainé la réalisation de seulement 15 transects CARHYCE";"2009-2016";"OFFICE FRANCAIS DE LA BIODIVERSITE";"Sambre canalisee";15;NA;NA;NA;NA;NA;60,429;23,927;25,78;3,393;2,53;2,341;7,217;NA;100,249;27,962;31,071;4,91;3,584;3,223;5,747;0;NA;2,012;0,02;0,926;0,351;1,392;0,05;NA;NA;NA;NA;NA;4;0,45;30;16;0,072;1;86,869;3,03;10,101;0,719;1184,11;0,101;22;"ARDENNES";0;1,17;43,587;0;0;0;0,374;-0,276;0,052;0,629;NA;1,1;1,917;-1,09;0,352;2,763;NA;3,207;NA;"Colinéen Est";NA
1536;"LA GIVONNE À ILLY (OLLY)";"02116570";844086;6964209;72087;2013-07-22;0,14;NA;0,6;7,4;4,2;103,6;NA;2,8;NA;"";"semi-continue";"semi-continue";"Réseau de Référence Pérenne de la qualité des cours d'eau du bassin Rhin-Meuse";"Qualification incertaine 
fiche terrain perdue 
pas assez de points transect 3
pente paraissant très faible
";"2009-2016";"OFFICE FRANCAIS DE LA BIODIVERSITE";"Givonne";14;30,84;53;133,48;1,019;39,629;0,212;3,451;3,497;0,128;0,064;0,063;30,529;78,63;2,942;6,134;6,456;0,664;0,48;0,456;9,266;12,525;7,252;0,296;0,003;0,047;0,742;1,259;0,205;2,556;1,009;100,746;1,181;33,615;2;0,058;28;6;1,126;2;0,952;44,762;54,286;1,789;7,63;0,967;22;"ARDENNES";0;1,17;0,766;21,04;3,43;0;0,372;0,283;-0,676;0,052;-0,657;0,491;1,907;0,963;-1,203;0,358;-0,896;1,511;6,838;"Colinéen Est";"moyen"
1827;"LE GLAND A SAINT-MICHEL 2";"03128270";783693;6981188;78470;2015-07-07;0,118;NA;0,9;12,3;6,25;173;NA;8,15;NA;"";"continue";"continue";"Contrôle de surveillance des cours d'eau du bassin Seine et cours d'eau côtiers normands";"Pas de bâtons en radier B
Bâtons 2 3 et 4 du A ont disparu";"2009-2016";"OFFICE FRANCAIS DE LA BIODIVERSITE";"Gland";15;37,84;69;118;0,784;44,198;0,911;4,961;5,108;0,358;0,181;0,175;16,561;4,583;4,296;8,946;9,441;0,856;0,488;0,458;10,961;36,655;1,057;0,546;0,006;0,144;0,813;2,403;0,269;0,269;0,86;99,8;0,129;10,078;3;0,202;30;0;1,299;2;1,429;30;68,571;1,59;71,42;0,788;22;"ARDENNES";0;1,21;5,266;421,025;47,061;1;0,078;0,415;-0,013;-0,325;1,032;-0,425;0,438;1,447;0,213;-1,218;0,891;-1,04;5,248;"Colinéen Est";"faible"
1844;"LE GRAND RIAUX A SAINT-MICHEL 1";"03128190";786850;6982638;78469;2013-09-05;0,004;NA;0,33;3,3;2,3;60;NA;10,83;NA;"";"continue";"continue";NA;"un seul radier";"2009-2016";"OFFICE FRANCAIS DE LA BIODIVERSITE";"Grand riaux";18;28,84;44;72,64;0,648;33,212;0,18;2,081;2,152;0,136;0,078;0,074;22,535;1,209;1,289;3,432;3,792;0,515;0,376;0,339;6,889;36,03;0,079;0,242;0,002;0,084;0,981;0,39;0,114;0,064;0,515;100,076;0,034;2,472;5;0,117;36;0;1,299;2;9,494;77,848;12,658;1,876;4,31;1;22;"ARDENNES";0;1,01;0,691;73,413;21,392;0;-0,037;-0,004;0,176;-0,041;0,537;-0,004;-0,136;-0,091;0,616;-0,032;0,368;0,133;1,375;"Colinéen Est";"tres faible"
1845;"L'OISE A HIRSON 1";"03128500";777453,48;6982114,7;80531;2014-06-13;0,346;NA;1,35;13,23;9,42;185,22;NA;3,633;NA;"";"continue";"continue";"Réseau de gestion des eaux superficiellesde la DVO";"Absence de mesure de l'intensité du colmatage.
Coordonnées aval L93 X-779263 Y-6985916.";"2009-2016";"ASCONIT CONSULTANTS";"Oise";15;12;56;132,48;1,611;16,472;2,105;9,138;9,281;0,447;0,243;0,238;23,547;7,092;9,814;13,168;13,594;1,103;0,76;0,734;12,298;26,147;3,413;0,45;0,005;0,171;0,741;3,974;0,302;0,363;1,11;100,327;0,133;9,886;3;0,177;30;0;1,299;2;0,763;64,122;35,115;1,76;97,02;0,354;22;"ARDENNES";0;1,18;3,093;110,234;8,371;0;0,372;0,525;-0,227;-0,158;0,309;0,224;1,909;1,851;-0,244;-0,52;0,126;0,767;5,417;"Colinéen Est";"faible"
1939;"L'ALYSE À FUMAY";"02122200";817862;6989141;93464;2015-07-09;0,051;NA;0,37;5,33;2,62;75;NA;22,47;NA;"";"continue";"continue";"Contrôle de surveillance des cours d'eau du bassin Meuse";"";"2009-2016";"OFFICE FRANCAIS DE LA BIODIVERSITE";"Alyse";15;11,84;32;72;1,332;16,322;0,219;2,758;2,83;0,173;0,078;0,076;18,356;8,68;2,458;5,473;5,847;0,683;0,449;0,42;8,111;92,504;1,792;0,534;0,005;0,07;0,907;0,884;0,161;0,754;0,713;99,702;0,362;73,861;4;0,077;30;0;1,299;2;2,5;64,375;33,125;1,9;18,19;0,566;22;"ARDENNES";0;1,06;0;0;0;1;-0,003;0,136;-0,622;-0,166;1,666;-0,192;0,036;0,423;-1,086;-0,551;1,563;-0,39;4,05;"Colinéen Est";"tres faible"
1955;"LA GIVONNE À DAIGNY";"02116600";843490;6959608;93165;2015-07-09;0,043;NA;0,58;9,8;4,03;137;NA;6,5;NA;"";"isolée";"isolée";"Contrôle de surveillance des cours d'eau du bassin Meuse";"";"2009-2016";"OFFICE FRANCAIS DE LA BIODIVERSITE";"Givonne";15;36,84;83;136,16;0,95;44,63;0,479;4,532;4,627;0,187;0,105;0,102;28,159;5,101;14,076;9,115;11,166;1,947;1,558;1,255;4,704;80,053;6,737;0,653;0,007;0,087;0,813;2,14;0,235;0,498;1,961;101,327;0,127;49,8;3;0,129;30;11;0,029;1;4,478;82,09;13,433;1,516;37,21;0,801;22;"ARDENNES";0;1,03;4,155;264,944;29,068;0;0,292;-0,42;-0,288;0,68;0,624;1,139;1,509;-1,619;-0,374;2,979;0,461;3,317;10,259;"Colinéen Est";"tres fort"
2062;"LE RUISSEAU D'ANOR A ANOR 1";"03128640";778871,7;6987972,88;103596;2014-06-12;0,069;NA;1,14;16,53;7,96;231,46;NA;1,171;NA;"";"bosquets éparses";"bosquets éparses";"Réseau de gestion des eaux superficiellesde la DVO";"";"2009-2016";"ASCONIT CONSULTANTS";"Anor";15;NA;NA;NA;NA;NA;3,358;6,845;7,176;0,716;0,495;0,47;10,488;0,994;17,134;13,006;13,873;2,097;1,379;1,284;6,287;14,748;0,688;0,865;0,009;0,241;0,47;3,536;0,272;0,041;2,097;101,237;0,011;0,667;2;0,375;30;0;0,31;4;80,233;18,605;1,163;1,544;33,28;0,327;22;"ARDENNES";0;1,1;1,103;12,671;0,974;0;0,681;-0,128;0,807;0,786;-1,12;1,4;3,451;-0,548;1,961;3,42;-1,386;4,045;14,811;"Colinéen Est";"tres fort"
2314;"LA HANTE À BOUSIGNIES SUR ROC (59)";"01001503";784463;7019748;165941;2016-07-05;0,852;NA;1,2;13,2;8,5;184;NA;3,3;NA;"";"semi-continue";"semi-continue";"Contrôle de surveillance des cours d'eau du bassin Sambre";"";"2009-2016";"OFFICE FRANCAIS DE LA BIODIVERSITE";"Hante";15;19;33,5;49,16;0,715;22,034;2,655;7,276;7,575;0,52;0,357;0,338;14,909;11,505;23,247;13,59;15,444;2,537;1,727;1,49;5,361;48,226;20,04;1,018;0,01;0,19;0,507;3,83;0,282;0,954;2,591;101,766;0,231;53,969;6;0,113;30;5;0,541;2;9,709;78,641;11,65;1,777;1356,61;0,088;22;"ARDENNES";0;1,11;0;0;0;1;-0,389;-0,348;-1,364;-0,07;0,944;-0,441;-1,888;-1,353;-2,67;-0,151;0,799;-1,084;7,945;"Colinéen Est";"fort"
2362;"LA SORMONNE À GIRONDELLE";"02118300";800646;6973108;93284;2016-07-18;0,091;NA;0,7;6,03;4,73;85;NA;0,82;NA;"";"semi-continue";"semi-continue";"Contrôle de surveillance des cours d'eau du bassin Meuse";"";"2009-2016";"OFFICE FRANCAIS DE LA BIODIVERSITE";"Sormonne";15;12,84;31,5;75,32;1,33;18,081;1,085;4,017;4,254;0,413;0,272;0,254;10,96;7,304;6,911;6,297;7,485;1,541;1,105;0,926;4,104;7,446;1,373;0,619;0,006;0,159;0,587;0,866;0,138;0,2;1,543;101,095;0,061;1,786;4;0,119;30;0;0,541;2;19,149;73,404;7,447;2,007;31,54;0,435;22;"ARDENNES";0;1,14;3,982;32,032;5,086;0;-0,028;-0,554;-0,323;0,493;-1,492;0,524;-0,089;-2,11;-0,448;2,196;-1,779;1,602;8,225;"Colinéen Est";"fort"
2434;"LA HOUILLE À FROMELENNES";"02123500";831750;7004928;93524;2011-09-01;0,117;NA;0,9;7,4;6,1;104;NA;6,86;NA;"";"absence";"absence";"Contrôle de surveillance des cours d'eau du bassin Meuse";"Pas d'infos sur les batonnets. Opération saisie 5 ans après en décembre 2016 par M Keyser.";"2009-2016";"OFFICE FRANCAIS DE LA BIODIVERSITE";"Houille";15;61,72;99,5;165,96;0,813;73,37;1,074;5,124;5,257;0,363;0,212;0,205;16,074;3,778;7,852;8,298;8,78;1,308;0,971;0,915;6,471;61,58;2,316;0,661;0,007;0,141;0,656;2,806;0,338;0,309;1,313;100,594;0,1;20,297;2;0,138;30;6;0,108;2;1;76;23;1,609;217,17;0,188;22;"ARDENNES";0;1,08;0,581;39,099;4,712;0;-0,332;-0,13;-0,687;-0,215;1,168;-0,466;-1,604;-0,553;-1,225;-0,758;1,036;-1,154;6,33;"Colinéen Est";"moyen"
2435;"LE VIROIN À VIREUX-MOLHAIN";"02122800";822213;7000698;93492;2011-08-31;NA;NA;1,5;15,8;11;220;NA;4,54;NA;"";"continue";"continue";"Contrôle de surveillance des cours d'eau du bassin Meuse";"Pas d'info sur les batonnets. Défaillance du courantomètre durant la mesure. Débit non calculable. Saisie effectuée 5 ans après en décembre 2016 par M Keyser.";"2009-2016";"OFFICE FRANCAIS DE LA BIODIVERSITE";"Viroin";15;25;61,5;93;1,1;29,119;3,879;12,749;12,915;0,523;0,305;0,3;26,916;3,778;21,525;18,433;18,934;1,604;1,192;1,16;11,564;51,645;6,048;0,776;0,008;0,179;0,586;3,876;0,21;0,285;1,608;100,583;0,084;15,146;5;0,15;30;0;0,866;2;1,111;44,444;54,444;1,636;593,63;0,088;22;"ARDENNES";0;1,03;46,25;2059,855;111,75;0;0,164;0,434;-0,866;-0,295;1,034;-0,039;0,872;1,518;-1,606;-1,091;0,894;0,034;6,016;"Colinéen Est";"moyen"
2671;"LE CLIGNEUX À SAINT RÉMY DU NORD (59)";"01001452";764293;7015180;165940;2017-07-06;0,873;0,378;0,5;9,3;4,05;130;NA;2,6;NA;"";"semi-continue";"semi-continue";"Contrôle de surveillance des cours d'eau du bassin Sambre";"";"2017";"OFFICE FRANCAIS DE LA BIODIVERSITE";"Cligneux";15;19;25;40,16;0,534;22,036;1,304;4,114;4,401;0,533;0,316;0,292;8,529;29,83;8,63;8,492;9,642;1,756;1,034;0,9;4,85;22,961;12,239;0,665;0,007;0,209;0,673;2,046;0,241;1,469;1,87;101,158;0,46;39,182;4;0,207;30;4;0,541;2;57,265;35,897;6,838;2,036;30,99;0,204;22;"ARDENNES";0;1,12;0,144;3,673;0,432;0;0,276;-0,387;0,23;0,628;-0,343;0,756;1,43;-1,496;0,731;2,762;-0,563;2,25;9,231;"Colinéen Est";"tres fort"
2720;"LE VIROIN À VIREUX-MOLHAIN";"02122800";822213;7000698;93492;2017-09-20;1,43;NA;NA;18,87;11,97;276,1;NA;3,9;NA;"";"continue";"semi-continue";"Contrôle de surveillance des cours d'eau du bassin Meuse";"";"2017";"OFFICE FRANCAIS DE LA BIODIVERSITE";"Viroin";15;38;53;74,32;0,519;42,076;4,205;12,324;12,463;0,579;0,344;0,339;23,933;11,207;31,225;20,371;21,163;2,147;1,536;1,478;9,549;56,552;28,357;0,97;0,01;0,202;0,597;2,441;0,12;0,92;2,191;101,097;0,237;54,058;5;0,205;30;0;1,212;2;6,849;65,753;27,397;1,771;593,63;0,088;22;"ARDENNES";0;1,03;46,25;1769,479;86,862;0;0,264;0,243;-0,552;-0,003;0,882;0,333;1,371;0,815;-0,937;0,126;0,733;1,071;5,054;"Colinéen Est";"faible"
2722;"LA HOUILLE À FROMELENNES";"02123500";831750;7004928;93524;2017-07-24;0,383;NA;NA;11,87;7,57;167;NA;5,3;NA;"";"semi-continue";"semi-continue";"Contrôle de surveillance des cours d'eau du bassin Meuse";"";"2017";"OFFICE FRANCAIS DE LA BIODIVERSITE";"Houille";15;22;65;113,8;1,196;31,471;2,076;6,954;7,116;0,445;0,291;0,282;17,907;5,887;20,166;14,218;15,358;2,089;1,444;1,323;6,876;68,802;10,417;0,843;0,008;0,192;0,634;3,548;0,25;0,531;2,103;101,218;0,142;39,908;3;0,19;30;12;0,541;2;2,4;60;37,6;1,761;217,17;0,188;22;"ARDENNES";0;1,08;0,581;30,208;2,125;0;0,207;-0,069;-0,365;0,253;0,91;0,478;1,084;-0,331;-0,539;1,194;0,763;1,474;5,384;"Colinéen Est";"faible"
3032;"LA SOLRE À FERRIÈRE LA PETITE (59)";"01009000";772331;7015539;165947;2018-07-11;0,282;NA;0,8;9;5,94;126;NA;0,3;NA;"2 embâcles et souches
pas de radier ni plat courant";"bosquets éparses";"semi-continue";NA;"";"2017";"OFFICE FRANCAIS DE LA BIODIVERSITE";"Solre";15;NA;NA;NA;NA;NA;3,293;6,698;7,03;0,759;0,501;0,474;9,244;8,129;17,78;11,751;13,487;2,401;1,519;1,316;4,928;3,873;3,006;0,93;0,009;0,248;0,5;2,369;0,202;0,174;2,402;101,625;0,045;0,777;3;0,122;30;0;0,487;NA;56,667;41,667;1,667;1,068;96,65;0,152;22;"ARDENNES";0;1,53;5,363;15,783;1,343;0;0,259;-0,389;-0,595;0,62;-2,186;0,82;1,346;-1,505;-1,029;2,728;-2,515;2,429;11,552;"Colinéen Est";"tres fort"
3334;"L'ARTOISE A SAINT-MICHEL 2";"03128220";784592;6983401;192458;2019-06-19;0,103;NA;1;11,47;7,47;164,3;NA;3,63;NA;"";"bosquets éparses";"bosquets éparses";NA;"";"2017";"AQUASCOP";"Artoise";15;32,84;63;111,64;0,877;40,532;1,097;6,55;6,651;0,291;0,167;0,164;27,977;5,199;7,583;11,798;12,444;0,954;0,65;0,614;12,621;21,875;1,716;0,395;0,004;0,121;0,717;2,135;0,181;0,231;0,957;100,374;0,092;5,345;5;0,147;30;0;0,606;NA;6,4;90,4;3,2;1,785;36,007;0,37;22;"ARDENNES";0;1,01;1,498;53,344;4,521;0;0,56;0,567;-0,149;-0,024;0,033;0,54;2,846;2,005;-0,077;0,041;-0,166;1,647;6,782;"Colinéen Est";"moyen"
3350;"LA GIVONNE À ILLY (OLLY)";"02116570";844086;6964209;72087;2019-07-10;0,028;NA;0,45;5,22;3,2;73,5;NA;28,4;NA;"";"continue";"continue";"Réseau de Référence Pérenne de la qualité des cours d'eau du bassin Rhin-Meuse";"Aval station T1 tête de radier 5 mètres en aval début station de pêche ";"2017";"OFFICE FRANCAIS DE LA BIODIVERSITE";"Givonne";15;14;38,5;76,48;1,277;18,042;0,116;2,246;2,288;0,116;0,053;0,052;22,52;10,315;1,227;4,344;4,529;0,431;0,283;0,271;10,227;75,554;0,894;0,671;0,007;0,043;0,789;0,556;0,128;0,743;0,46;99,307;0,449;58,161;5;0,036;30;0;1,299;NA;2,439;56,098;41,463;1,921;7,63;0,967;22;"ARDENNES";0;1,17;0,766;213,411;49,133;1;0,027;0,382;-1,156;-0,38;1,659;-0,384;0,184;1,325;-2,226;-1,444;1,556;-0,925;7,661;"Colinéen Est";"fort"
3357;"L'HELPE MAJEURE À TAISNIÈRES-EN-THIÉRACHE (59)";"01008000";759844;7004437;178379;2019-06-03;0,702;NA;NA;16;9,72;NA;NA;3,2;NA;"";"semi-continue";"semi-continue";"Contrôle de surveillance des cours d'eau du bassin Sambre";"Seulement 13 transects
Bâtonnet B3 disparu";"2017";"OFFICE FRANCAIS DE LA BIODIVERSITE";"Helpe majeure";13;32,52;59;107;0,889;39,435;4,099;10,061;10,295;0,585;0,405;0,392;21,379;5,656;45,132;16,711;19,321;3,558;2,725;2,34;4,749;73,455;25,45;1,51;0,015;0,307;0,774;2,035;0,122;0,568;3,574;102,682;0,11;48,482;3;0,441;26;1;NA;NA;16,484;67,033;16,484;2,113;321,25;0,048;22;"ARDENNES";0;1,75;8,441;264,98;15,857;0;0,251;-0,446;0,373;0,675;0,514;1,057;1,303;-1,712;1,035;2,955;0,344;3,087;10,437;"Colinéen Est";"tres fort"
3650;"LE GLAND A SAINT-MICHEL 4";"03128430";780429;6980833;195494;2020-06-22;0,278;NA;1,13;18,2;7,9;254,8;NA;2,93;NA;"";"isolée";"isolée";NA;"Disparition de 4 bâtonnets sur le radier A.";"2017";"FISH PASS";"Gland";15;40,172;71,25;123,96;0,855;49,16;2,153;7,609;7,779;0,439;0,283;0,276;19,88;5,631;13,661;17,438;18,024;1,389;0,836;0,804;12,851;23,1;3,599;0,515;0,005;0,158;0,542;6,01;0,345;0,27;1,393;100,58;0,096;6,531;3;0,181;30;0;NA;NA;4,396;82,967;12,637;1,672;201,308;0,452;22;"ARDENNES";0;1,08;13,907;399,733;22,923;0;0,434;0,557;-0,396;-0,134;0,296;0,132;2,216;1,97;-0,605;-0,418;0,113;0,511;5,833;"Colinéen Est";"faible"
3776;"LA TARSY À SAINT REMY EN CHAUSSEE (59)";"01002224";762559;7008394;178373;2020-06-16;0,806;NA;0,45;6,5;3,1;91;NA;8,6;NA;"";"semi-continue";"semi-continue";"Contrôle de surveillance des cours d'eau du bassin Sambre";"";"2017";"OFFICE FRANCAIS DE LA BIODIVERSITE";"Tarsy";15;44,2;68;115,16;0,657;50,203;1,157;3,496;3,939;0,559;0,339;0,303;6,701;16,655;6,676;6,513;7,894;1,672;1,045;0,853;3,892;71,954;9,273;0,686;0,007;0,201;0,616;1,927;0,296;1,445;1,782;100,831;0,452;128,258;5;0,187;30;2;NA;NA;44,037;44,954;11,009;1,785;30,453;0,476;22;"ARDENNES";0;1,19;1,459;123,09;18,898;0;0,016;-0,606;0,132;0,585;0,849;0,509;0,132;-2,303;0,523;2,579;0,698;1,562;7,797;"Colinéen Est";"fort"
3778;"LA THURE À COUSOLRE (59)";"01002225";781823;7014826;178374;2020-06-17;0,092;NA;0,75;9,23;5,15;126;NA;2,5;NA;"";"semi-continue";"semi-continue";"Contrôle de surveillance des cours d'eau du bassin Sambre";"";"2017";"OFFICE FRANCAIS DE LA BIODIVERSITE";"Thure";15;29;46;61;0,559;32,994;1,755;5,157;5,405;0,515;0,326;0,307;17,385;2,305;22,624;10,949;12,247;2,804;2,077;1,861;3,932;45,636;3,945;1,731;0,017;0,264;0,788;1,662;0,152;0,178;2,806;102,129;0,04;9,057;5;0,254;30;0;0,541;NA;14,783;83,478;1,739;1,868;43,216;0;22;"ARDENNES";0;1,44;0;0;0;0;0,43;-0,602;0,349;1,003;-0,29;1,527;2,2;-2,286;0,986;4,324;-0,507;4,398;14,7;"Colinéen Est";"tres fort"
3864;"LE GRAND RIAUX A SAINT-MICHEL 1";"03128190";786850;6982638;78469;2021-05-26;0,057;NA;0,4;3,9;3;58,9;NA;12,6;NA;"";"continue";"continue";"Réseau de référence pérenne de la qualité des cours d'eau du bassin Seine Normandie";"";"2017";"OFFICE FRANCAIS DE LA BIODIVERSITE";"Grand riaux";16;19;37,5;99,32;1,104;25,713;0,381;2,736;2,878;0,219;0,137;0,128;14,398;5,236;1,564;3,891;4,358;0,579;0,41;0,364;6,927;45,049;0,469;0,332;0,003;0,093;0,666;0,714;0,183;0,311;0,584;99,986;0,159;15,356;4;0,085;32;1;1,299;NA;27,103;64,486;8,411;1,892;4,31;1;22;"ARDENNES";0;1,01;0,691;85,412;21,952;0;0,088;0,002;-0,136;0,076;0,688;0,19;0,491;-0,071;-0,049;0,459;0,528;0,673;2,272;"Colinéen Est";"tres faible"
4329;"LE GLAND A SAINT-MICHEL 2";"03128270";783693;6981188;78470;2022-05-18;1,435;NA;1;13;8;182;NA;8,5;NA;"";"continue";"continue";"Contrôle de surveillance des cours d'eau du bassin Seine et cours d'eau côtiers normands";"";"2017";"OFFICE FRANCAIS DE LA BIODIVERSITE";"Gland";15;19,84;33,5;52;0,767;21,745;1,345;7,777;7,864;0,318;0,179;0,176;30,147;36,828;12,109;13,988;14,756;1,265;0,869;0,823;11,309;68,603;36,099;0,709;0,007;0,137;0,827;2,005;0,143;3,08;1,764;100,672;1,074;219,356;2;0,227;30;0;1,299;NA;2,532;97,468;0;0,966;71,42;0,788;22;"ARDENNES";0;1,21;5,266;439,105;31,391;0;0,525;0,446;0,104;0,065;1,074;0,611;2,669;1,562;0,463;0,413;0,936;1,847;7,889;"Colinéen Est";"fort"
4335;"LA SOLRE À FERRIÈRE LA PETITE (59)";"01009000";772331;7015539;165947;2022-05-20;NA;NA;1;9;6,3;126;NA;0,6;NA;"";"semi-continue";"absence";"Contrôle de surveillance des cours d'eau du bassin Sambre";"";"2017";"OFFICE FRANCAIS DE LA BIODIVERSITE";"Solre";15;17;44,5;94,48;1,188;20,521;3,117;5,847;6,315;0,816;0,551;0,503;7,607;5,603;14,884;10,635;12,364;2,351;1,427;1,209;4,581;7,118;2,319;0,916;0,009;0,275;0,517;3,139;0,295;0,162;2,352;101,497;0,044;1,363;5;0,156;30;0;NA;NA;82,653;17,347;0;1,387;96,65;0,152;22;"ARDENNES";0;1,53;5,363;31,567;2,968;0;0,16;-0,462;-0,35;0,599;-1,493;0,643;0,848;-1,773;-0,506;2,641;-1,781;1,934;9,482;"Colinéen Est";"tres fort"
4395;"LA GIVONNE À DAIGNY";"02116600";843490;6959608;93165;2022-09-29;0,068;NA;0,5;10,75;3,36;150;NA;6,37;NA;"";"isolée";"isolée";"Contrôle de surveillance des cours d'eau du bassin Meuse";"";"2017";"OFFICE FRANCAIS DE LA BIODIVERSITE";"Givonne";15;29;50,5;96,96;0,842;35,351;0,514;3,727;3,892;0,242;0,14;0,131;18,682;6,418;13,296;9,14;11,013;1,955;1,471;1,202;4,728;75,139;7,701;0,636;0,006;0,105;0,753;2,209;0,242;0,604;1,975;101,253;0,159;55,908;4;0,086;30;13;NA;NA;5,195;63,636;31,169;1,976;37,21;0,801;22;"ARDENNES";0;1,03;4,155;259,645;28,409;0;0,295;-0,415;-0,699;0,685;0,604;1,082;1,522;-1,6;-1,25;2,996;0,439;3,159;10,966;"Colinéen Est";"tres fort"
4396;"L'ALYSE À FUMAY";"02122200";817862;6989141;93464;2022-10-04;0,052;NA;0,42;6,13;2,95;86;NA;21,38;NA;"";"continue";"continue";"Contrôle de surveillance des cours d'eau du bassin Meuse";"";"2017";"OFFICE FRANCAIS DE LA BIODIVERSITE";"Alyse";15;33;67,5;111,16;0,819;42,768;0,306;2,774;2,864;0,199;0,113;0,109;15,32;5,098;2,217;4,921;5,322;0,671;0,45;0,416;7,406;87,27;0,921;0,641;0,006;0,079;0,718;0,551;0,112;0,427;0,68;99,565;0,206;39,719;3;0,102;30;0;1,299;NA;0,725;68,841;30,435;1,758;18,19;0,566;22;"ARDENNES";0;1,06;0;0;0;0;-0,109;0,045;-0,338;-0,183;1,617;-0,295;-0,495;0,089;-0,48;-0,624;1,511;-0,677;3,876;"Colinéen Est";"tres faible"
